Tarih,TP DK USD A YTL,TP DK USD S YTL
01-01-2017,,
02-01-2017,3.52,3.53
03-01-2017,3.53,3.54
04-01-2017,3.57,3.58
05-01-2017,3.58,3.58
06-01-2017,3.59,3.60
07-01-2017,,
08-01-2017,,
09-01-2017,3.61,3.62
10-01-2017,3.70,3.71
11-01-2017,3.76,3.77
12-01-2017,3.85,3.86
13-01-2017,3.84,3.85
14-01-2017,,
15-01-2017,,
16-01-2017,3.80,3.81
17-01-2017,3.76,3.77
18-01-2017,3.78,3.79
19-01-2017,3.78,3.78
20-01-2017,3.79,3.80
21-01-2017,,
22-01-2017,,
23-01-2017,3.82,3.82
24-01-2017,3.77,3.77
25-01-2017,3.75,3.76
26-01-2017,3.80,3.81
27-01-2017,3.83,3.84
28-01-2017,,
29-01-2017,,
30-01-2017,3.88,3.88
31-01-2017,3.83,3.84
01-02-2017,3.79,3.79
02-02-2017,3.77,3.78
03-02-2017,3.73,3.74
04-02-2017,,
05-02-2017,,
06-02-2017,3.74,3.75
07-02-2017,3.68,3.69
08-02-2017,3.71,3.72
09-02-2017,3.74,3.75
10-02-2017,3.70,3.71
11-02-2017,,
12-02-2017,,
13-02-2017,3.67,3.68
14-02-2017,3.69,3.69
15-02-2017,3.65,3.66
16-02-2017,3.65,3.65
17-02-2017,3.67,3.68
18-02-2017,,
19-02-2017,,
20-02-2017,3.67,3.67
21-02-2017,3.62,3.63
22-02-2017,3.62,3.63
23-02-2017,3.61,3.62
24-02-2017,3.57,3.58
25-02-2017,,
26-02-2017,,
27-02-2017,3.57,3.58
28-02-2017,3.59,3.59
01-03-2017,3.61,3.61
02-03-2017,3.63,3.64
03-03-2017,3.68,3.69
04-03-2017,,
05-03-2017,,
06-03-2017,3.72,3.73
07-03-2017,3.71,3.72
08-03-2017,3.68,3.69
09-03-2017,3.70,3.71
10-03-2017,3.75,3.76
11-03-2017,,
12-03-2017,,
13-03-2017,3.75,3.75
14-03-2017,3.74,3.75
15-03-2017,3.75,3.75
16-03-2017,3.73,3.74
17-03-2017,3.67,3.68
18-03-2017,,
19-03-2017,,
20-03-2017,3.61,3.61
21-03-2017,3.63,3.63
22-03-2017,3.61,3.62
23-03-2017,3.63,3.63
24-03-2017,3.61,3.62
25-03-2017,,
26-03-2017,,
27-03-2017,3.62,3.63
28-03-2017,3.59,3.60
29-03-2017,3.62,3.63
30-03-2017,3.64,3.65
31-03-2017,3.64,3.65
01-04-2017,,
02-04-2017,,
03-04-2017,3.64,3.64
04-04-2017,3.64,3.64
05-04-2017,3.64,3.65
06-04-2017,3.68,3.68
07-04-2017,3.71,3.71
08-04-2017,,
09-04-2017,,
10-04-2017,3.72,3.73
11-04-2017,3.73,3.73
12-04-2017,3.72,3.72
13-04-2017,3.68,3.68
14-04-2017,3.66,3.66
15-04-2017,,
16-04-2017,,
17-04-2017,3.68,3.69
18-04-2017,3.66,3.66
19-04-2017,3.68,3.69
20-04-2017,3.66,3.67
21-04-2017,3.64,3.64
22-04-2017,,
23-04-2017,,
24-04-2017,3.64,3.65
25-04-2017,3.59,3.60
26-04-2017,3.58,3.59
27-04-2017,3.59,3.59
28-04-2017,3.56,3.56
29-04-2017,,
30-04-2017,,
01-05-2017,,
02-05-2017,3.55,3.56
03-05-2017,3.53,3.54
04-05-2017,3.53,3.54
05-05-2017,3.54,3.55
06-05-2017,,
07-05-2017,,
08-05-2017,3.56,3.57
09-05-2017,3.55,3.55
10-05-2017,3.59,3.60
11-05-2017,3.60,3.60
12-05-2017,3.57,3.58
13-05-2017,,
14-05-2017,,
15-05-2017,3.59,3.59
16-05-2017,3.56,3.56
17-05-2017,3.55,3.55
18-05-2017,3.55,3.56
19-05-2017,,
20-05-2017,,
21-05-2017,,
22-05-2017,3.61,3.62
23-05-2017,3.56,3.57
24-05-2017,3.57,3.57
25-05-2017,3.56,3.57
26-05-2017,3.56,3.57
27-05-2017,,
28-05-2017,,
29-05-2017,3.57,3.57
30-05-2017,3.58,3.58
31-05-2017,3.56,3.57
01-06-2017,3.53,3.54
02-06-2017,3.53,3.54
03-06-2017,,
04-06-2017,,
05-06-2017,3.53,3.53
06-06-2017,3.51,3.51
07-06-2017,3.53,3.54
08-06-2017,3.52,3.52
09-06-2017,3.54,3.55
10-06-2017,,
11-06-2017,,
12-06-2017,3.52,3.53
13-06-2017,3.52,3.53
14-06-2017,3.52,3.52
15-06-2017,3.51,3.52
16-06-2017,3.50,3.51
17-06-2017,,
18-06-2017,,
19-06-2017,3.51,3.52
20-06-2017,3.50,3.51
21-06-2017,3.52,3.53
22-06-2017,3.53,3.54
23-06-2017,3.52,3.52
24-06-2017,,
25-06-2017,,
26-06-2017,,
27-06-2017,,
28-06-2017,3.50,3.51
29-06-2017,3.52,3.53
30-06-2017,3.51,3.51
01-07-2017,,
02-07-2017,,
03-07-2017,3.52,3.52
04-07-2017,3.53,3.54
05-07-2017,3.55,3.56
06-07-2017,3.58,3.59
07-07-2017,3.62,3.63
08-07-2017,,
09-07-2017,,
10-07-2017,3.63,3.64
11-07-2017,3.60,3.61
12-07-2017,3.63,3.64
13-07-2017,3.60,3.61
14-07-2017,3.57,3.57
15-07-2017,,
16-07-2017,,
17-07-2017,3.56,3.57
18-07-2017,3.54,3.54
19-07-2017,3.53,3.53
20-07-2017,3.53,3.53
21-07-2017,3.53,3.54
22-07-2017,,
23-07-2017,,
24-07-2017,3.53,3.54
25-07-2017,3.54,3.55
26-07-2017,3.56,3.56
27-07-2017,3.56,3.56
28-07-2017,3.53,3.53
29-07-2017,,
30-07-2017,,
31-07-2017,3.53,3.54
01-08-2017,3.52,3.53
02-08-2017,3.52,3.52
03-08-2017,3.53,3.54
04-08-2017,3.54,3.54
05-08-2017,,
06-08-2017,,
07-08-2017,3.53,3.54
08-08-2017,3.53,3.54
09-08-2017,3.53,3.53
10-08-2017,3.54,3.54
11-08-2017,3.53,3.54
12-08-2017,,
13-08-2017,,
14-08-2017,3.54,3.55
15-08-2017,3.53,3.53
16-08-2017,3.53,3.53
17-08-2017,3.53,3.54
18-08-2017,3.52,3.52
19-08-2017,,
20-08-2017,,
21-08-2017,3.52,3.53
22-08-2017,3.51,3.52
23-08-2017,3.50,3.50
24-08-2017,3.50,3.50
25-08-2017,3.48,3.48
26-08-2017,,
27-08-2017,,
28-08-2017,3.48,3.48
29-08-2017,3.44,3.45
30-08-2017,,
31-08-2017,3.44,3.45
01-09-2017,,
02-09-2017,,
03-09-2017,,
04-09-2017,,
05-09-2017,3.44,3.45
06-09-2017,3.44,3.45
07-09-2017,3.44,3.45
08-09-2017,3.42,3.43
09-09-2017,,
10-09-2017,,
11-09-2017,3.41,3.41
12-09-2017,3.40,3.40
13-09-2017,3.43,3.43
14-09-2017,3.43,3.44
15-09-2017,3.45,3.46
16-09-2017,,
17-09-2017,,
18-09-2017,3.43,3.44
19-09-2017,3.45,3.46
20-09-2017,3.49,3.50
21-09-2017,3.48,3.48
22-09-2017,3.51,3.52
23-09-2017,,
24-09-2017,,
25-09-2017,3.49,3.49
26-09-2017,3.52,3.52
27-09-2017,3.53,3.54
28-09-2017,3.57,3.57
29-09-2017,3.57,3.58
30-09-2017,,
01-10-2017,,
02-10-2017,3.55,3.56
03-10-2017,3.58,3.58
04-10-2017,3.58,3.58
05-10-2017,3.56,3.57
06-10-2017,3.57,3.57
07-10-2017,,
08-10-2017,,
09-10-2017,3.60,3.61
10-10-2017,3.70,3.70
11-10-2017,3.68,3.69
12-10-2017,3.68,3.68
13-10-2017,3.64,3.65
14-10-2017,,
15-10-2017,,
16-10-2017,3.65,3.65
17-10-2017,3.64,3.65
18-10-2017,3.65,3.66
19-10-2017,3.67,3.68
20-10-2017,3.66,3.67
21-10-2017,,
22-10-2017,,
23-10-2017,3.66,3.67
24-10-2017,3.70,3.71
25-10-2017,3.71,3.72
26-10-2017,3.73,3.74
27-10-2017,3.77,3.77
28-10-2017,,
29-10-2017,,
30-10-2017,3.82,3.82
31-10-2017,3.77,3.78
01-11-2017,3.78,3.78
02-11-2017,3.81,3.81
03-11-2017,3.81,3.81
04-11-2017,,
05-11-2017,,
06-11-2017,3.82,3.83
07-11-2017,3.86,3.87
08-11-2017,3.85,3.86
09-11-2017,3.88,3.89
10-11-2017,3.85,3.86
11-11-2017,,
12-11-2017,,
13-11-2017,3.86,3.87
14-11-2017,3.87,3.87
15-11-2017,3.87,3.87
16-11-2017,3.88,3.89
17-11-2017,3.87,3.88
18-11-2017,,
19-11-2017,,
20-11-2017,3.88,3.89
21-11-2017,3.89,3.89
22-11-2017,3.95,3.96
23-11-2017,3.96,3.97
24-11-2017,3.92,3.92
25-11-2017,,
26-11-2017,,
27-11-2017,3.94,3.94
28-11-2017,3.93,3.94
29-11-2017,3.92,3.93
30-11-2017,3.95,3.96
01-12-2017,3.94,3.95
02-12-2017,,
03-12-2017,,
04-12-2017,3.93,3.94
05-12-2017,3.92,3.93
06-12-2017,3.86,3.87
07-12-2017,3.85,3.86
08-12-2017,3.86,3.87
09-12-2017,,
10-12-2017,,
11-12-2017,3.85,3.86
12-12-2017,3.83,3.83
13-12-2017,3.83,3.83
14-12-2017,3.84,3.85
15-12-2017,3.83,3.84
16-12-2017,,
17-12-2017,,
18-12-2017,3.86,3.87
19-12-2017,3.85,3.86
20-12-2017,3.83,3.84
21-12-2017,3.83,3.84
22-12-2017,3.82,3.83
23-12-2017,,
24-12-2017,,
25-12-2017,3.81,3.82
26-12-2017,3.81,3.82
27-12-2017,3.80,3.81
28-12-2017,3.82,3.83
29-12-2017,3.81,3.82
30-12-2017,,
31-12-2017,,
01-01-2018,,
02-01-2018,3.77,3.78
03-01-2018,3.77,3.77
04-01-2018,3.76,3.77
05-01-2018,3.76,3.77
06-01-2018,,
07-01-2018,,
08-01-2018,3.75,3.75
09-01-2018,3.75,3.75
10-01-2018,3.76,3.76
11-01-2018,3.78,3.79
12-01-2018,3.79,3.80
13-01-2018,,
14-01-2018,,
15-01-2018,3.76,3.77
16-01-2018,3.76,3.77
17-01-2018,3.82,3.82
18-01-2018,3.81,3.82
19-01-2018,3.80,3.80
20-01-2018,,
21-01-2018,,
22-01-2018,3.78,3.78
23-01-2018,3.81,3.82
24-01-2018,3.79,3.79
25-01-2018,3.76,3.76
26-01-2018,3.74,3.75
27-01-2018,,
28-01-2018,,
29-01-2018,3.74,3.74
30-01-2018,3.77,3.78
31-01-2018,3.78,3.79
01-02-2018,3.75,3.76
02-02-2018,3.76,3.76
03-02-2018,,
04-02-2018,,
05-02-2018,3.75,3.75
06-02-2018,3.76,3.77
07-02-2018,3.78,3.79
08-02-2018,3.77,3.78
09-02-2018,3.81,3.81
10-02-2018,,
11-02-2018,,
12-02-2018,3.81,3.82
13-02-2018,3.81,3.81
14-02-2018,3.80,3.80
15-02-2018,3.80,3.80
16-02-2018,3.77,3.78
17-02-2018,,
18-02-2018,,
19-02-2018,3.75,3.76
20-02-2018,3.75,3.76
21-02-2018,3.77,3.78
22-02-2018,3.78,3.79
23-02-2018,3.80,3.81
24-02-2018,,
25-02-2018,,
26-02-2018,3.78,3.79
27-02-2018,3.78,3.78
28-02-2018,3.78,3.79
01-03-2018,3.80,3.81
02-03-2018,3.81,3.82
03-03-2018,,
04-03-2018,,
05-03-2018,3.80,3.81
06-03-2018,3.82,3.82
07-03-2018,3.80,3.81
08-03-2018,3.80,3.80
09-03-2018,3.81,3.82
10-03-2018,,
11-03-2018,,
12-03-2018,3.82,3.82
13-03-2018,3.82,3.82
14-03-2018,3.86,3.86
15-03-2018,3.86,3.87
16-03-2018,3.89,3.89
17-03-2018,,
18-03-2018,,
19-03-2018,3.90,3.91
20-03-2018,3.94,3.94
21-03-2018,3.94,3.94
22-03-2018,3.93,3.93
23-03-2018,3.91,3.92
24-03-2018,,
25-03-2018,,
26-03-2018,3.96,3.97
27-03-2018,3.97,3.98
28-03-2018,3.98,3.98
29-03-2018,3.99,4.00
30-03-2018,3.99,4.00
31-03-2018,,
01-04-2018,,
02-04-2018,3.95,3.96
03-04-2018,3.96,3.96
04-04-2018,3.98,3.98
05-04-2018,4.01,4.01
06-04-2018,4.03,4.03
07-04-2018,,
08-04-2018,,
09-04-2018,4.05,4.06
10-04-2018,4.06,4.06
11-04-2018,4.07,4.08
12-04-2018,4.15,4.15
13-04-2018,4.13,4.14
14-04-2018,,
15-04-2018,,
16-04-2018,4.08,4.09
17-04-2018,4.10,4.10
18-04-2018,4.10,4.11
19-04-2018,4.10,4.10
20-04-2018,4.03,4.03
21-04-2018,,
22-04-2018,,
23-04-2018,,
24-04-2018,4.03,4.04
25-04-2018,4.08,4.09
26-04-2018,4.08,4.08
27-04-2018,4.07,4.07
28-04-2018,,
29-04-2018,,
30-04-2018,4.05,4.06
01-05-2018,,
02-05-2018,4.04,4.05
03-05-2018,4.12,4.13
04-05-2018,4.19,4.20
05-05-2018,,
06-05-2018,,
07-05-2018,4.26,4.26
08-05-2018,4.26,4.26
09-05-2018,4.28,4.29
10-05-2018,4.29,4.30
11-05-2018,4.27,4.27
12-05-2018,,
13-05-2018,,
14-05-2018,4.26,4.26
15-05-2018,4.32,4.33
16-05-2018,4.39,4.40
17-05-2018,4.46,4.47
18-05-2018,4.44,4.45
19-05-2018,,
20-05-2018,,
21-05-2018,4.47,4.47
22-05-2018,4.55,4.56
23-05-2018,4.58,4.59
24-05-2018,4.85,4.86
25-05-2018,4.70,4.71
26-05-2018,,
27-05-2018,,
28-05-2018,4.72,4.73
29-05-2018,4.60,4.60
30-05-2018,4.60,4.60
31-05-2018,4.48,4.49
01-06-2018,4.48,4.49
02-06-2018,,
03-06-2018,,
04-06-2018,4.59,4.60
05-06-2018,4.63,4.64
06-06-2018,4.61,4.62
07-06-2018,4.61,4.62
08-06-2018,4.55,4.56
09-06-2018,,
10-06-2018,,
11-06-2018,4.50,4.51
12-06-2018,4.51,4.52
13-06-2018,4.55,4.56
14-06-2018,4.65,4.66
15-06-2018,,
16-06-2018,,
17-06-2018,,
18-06-2018,4.65,4.66
19-06-2018,4.72,4.72
20-06-2018,4.75,4.76
21-06-2018,4.75,4.76
22-06-2018,4.75,4.76
23-06-2018,,
24-06-2018,,
25-06-2018,4.71,4.72
26-06-2018,4.64,4.65
27-06-2018,4.67,4.68
28-06-2018,4.63,4.64
29-06-2018,4.61,4.62
30-06-2018,,
01-07-2018,,
02-07-2018,4.56,4.57
03-07-2018,4.62,4.63
04-07-2018,4.66,4.66
05-07-2018,4.70,4.71
06-07-2018,4.64,4.65
07-07-2018,,
08-07-2018,,
09-07-2018,4.60,4.61
10-07-2018,4.53,4.54
11-07-2018,4.71,4.71
12-07-2018,4.75,4.76
13-07-2018,4.82,4.83
14-07-2018,,
15-07-2018,,
16-07-2018,4.84,4.85
17-07-2018,4.84,4.84
18-07-2018,4.84,4.85
19-07-2018,4.79,4.80
20-07-2018,4.82,4.83
21-07-2018,,
22-07-2018,,
23-07-2018,4.80,4.81
24-07-2018,4.75,4.76
25-07-2018,4.78,4.79
26-07-2018,4.85,4.86
27-07-2018,4.82,4.83
28-07-2018,,
29-07-2018,,
30-07-2018,4.86,4.87
31-07-2018,4.89,4.89
01-08-2018,4.90,4.91
02-08-2018,4.92,4.93
03-08-2018,5.05,5.06
04-08-2018,,
05-08-2018,,
06-08-2018,5.08,5.09
07-08-2018,5.15,5.16
08-08-2018,5.26,5.27
09-08-2018,5.28,5.29
10-08-2018,5.40,5.41
11-08-2018,,
12-08-2018,,
13-08-2018,5.94,5.95
14-08-2018,6.88,6.89
15-08-2018,6.55,6.56
16-08-2018,6.14,6.15
17-08-2018,5.80,5.81
18-08-2018,,
19-08-2018,,
20-08-2018,5.99,6.01
21-08-2018,,
22-08-2018,,
23-08-2018,,
24-08-2018,,
25-08-2018,,
26-08-2018,,
27-08-2018,5.99,6.01
28-08-2018,6.19,6.20
29-08-2018,6.22,6.23
30-08-2018,,
31-08-2018,6.41,6.42
01-09-2018,,
02-09-2018,,
03-09-2018,6.55,6.56
04-09-2018,6.62,6.63
05-09-2018,6.68,6.69
06-09-2018,6.68,6.69
07-09-2018,6.59,6.60
08-09-2018,,
09-09-2018,,
10-09-2018,6.47,6.48
11-09-2018,6.45,6.46
12-09-2018,6.45,6.47
13-09-2018,6.39,6.41
14-09-2018,6.36,6.37
15-09-2018,,
16-09-2018,,
17-09-2018,6.07,6.08
18-09-2018,6.26,6.27
19-09-2018,6.36,6.38
20-09-2018,6.31,6.32
21-09-2018,6.27,6.28
22-09-2018,,
23-09-2018,,
24-09-2018,6.27,6.28
25-09-2018,6.23,6.24
26-09-2018,6.12,6.14
27-09-2018,6.12,6.14
28-09-2018,6.08,6.09
29-09-2018,,
30-09-2018,,
01-10-2018,5.99,6.00
02-10-2018,5.97,5.98
03-10-2018,6.01,6.02
04-10-2018,6.03,6.04
05-10-2018,6.12,6.14
06-10-2018,,
07-10-2018,,
08-10-2018,6.15,6.17
09-10-2018,6.15,6.16
10-10-2018,6.12,6.13
11-10-2018,6.09,6.10
12-10-2018,5.98,5.99
13-10-2018,,
14-10-2018,,
15-10-2018,5.90,5.91
16-10-2018,5.81,5.82
17-10-2018,5.78,5.79
18-10-2018,5.68,5.69
19-10-2018,5.55,5.56
20-10-2018,,
21-10-2018,,
22-10-2018,5.61,5.62
23-10-2018,5.65,5.66
24-10-2018,5.77,5.78
25-10-2018,5.72,5.73
26-10-2018,5.68,5.69
27-10-2018,,
28-10-2018,,
29-10-2018,,
30-10-2018,5.62,5.63
31-10-2018,5.52,5.53
01-11-2018,5.50,5.51
02-11-2018,5.57,5.58
03-11-2018,,
04-11-2018,,
05-11-2018,5.46,5.47
06-11-2018,5.45,5.46
07-11-2018,5.34,5.35
08-11-2018,5.36,5.37
09-11-2018,5.41,5.42
10-11-2018,,
11-11-2018,,
12-11-2018,5.48,5.49
13-11-2018,5.48,5.49
14-11-2018,5.48,5.49
15-11-2018,5.46,5.47
16-11-2018,5.42,5.43
17-11-2018,,
18-11-2018,,
19-11-2018,5.34,5.35
20-11-2018,5.32,5.33
21-11-2018,5.33,5.34
22-11-2018,5.35,5.36
23-11-2018,5.30,5.31
24-11-2018,,
25-11-2018,,
26-11-2018,5.28,5.29
27-11-2018,5.24,5.25
28-11-2018,5.24,5.25
29-11-2018,5.25,5.26
30-11-2018,5.16,5.17
01-12-2018,,
02-12-2018,,
03-12-2018,5.16,5.17
04-12-2018,5.19,5.20
05-12-2018,5.27,5.28
06-12-2018,5.37,5.38
07-12-2018,5.36,5.37
08-12-2018,,
09-12-2018,,
10-12-2018,5.33,5.34
11-12-2018,5.28,5.29
12-12-2018,5.35,5.36
13-12-2018,5.36,5.37
14-12-2018,5.36,5.37
15-12-2018,,
16-12-2018,,
17-12-2018,5.37,5.38
18-12-2018,5.38,5.39
19-12-2018,5.35,5.36
20-12-2018,5.33,5.34
21-12-2018,5.26,5.27
22-12-2018,,
23-12-2018,,
24-12-2018,5.27,5.28
25-12-2018,5.29,5.30
26-12-2018,5.30,5.31
27-12-2018,5.28,5.29
28-12-2018,5.29,5.30
29-12-2018,,
30-12-2018,,
31-12-2018,5.26,5.27
01-01-2019,,
02-01-2019,5.28,5.29
03-01-2019,5.33,5.34
04-01-2019,5.46,5.47
05-01-2019,,
06-01-2019,,
07-01-2019,5.41,5.42
08-01-2019,5.36,5.37
09-01-2019,5.43,5.44
10-01-2019,5.50,5.51
11-01-2019,5.46,5.47
12-01-2019,,
13-01-2019,,
14-01-2019,5.42,5.43
15-01-2019,5.51,5.52
16-01-2019,5.44,5.45
17-01-2019,5.40,5.41
18-01-2019,5.36,5.37
19-01-2019,,
20-01-2019,,
21-01-2019,5.34,5.35
22-01-2019,5.34,5.35
23-01-2019,5.35,5.36
24-01-2019,5.31,5.32
25-01-2019,5.27,5.28
26-01-2019,,
27-01-2019,,
28-01-2019,5.26,5.27
29-01-2019,5.28,5.29
30-01-2019,5.33,5.34
31-01-2019,5.28,5.29
01-02-2019,5.21,5.22
02-02-2019,,
03-02-2019,,
04-02-2019,5.19,5.20
05-02-2019,5.22,5.23
06-02-2019,5.20,5.21
07-02-2019,5.21,5.22
08-02-2019,5.24,5.25
09-02-2019,,
10-02-2019,,
11-02-2019,5.24,5.25
12-02-2019,5.26,5.27
13-02-2019,5.26,5.27
14-02-2019,5.24,5.25
15-02-2019,5.29,5.30
16-02-2019,,
17-02-2019,,
18-02-2019,5.26,5.27
19-02-2019,5.29,5.30
20-02-2019,5.31,5.31
21-02-2019,5.30,5.31
22-02-2019,5.31,5.32
23-02-2019,,
24-02-2019,,
25-02-2019,5.32,5.33
26-02-2019,5.31,5.32
27-02-2019,5.29,5.30
28-02-2019,5.29,5.30
01-03-2019,5.32,5.33
02-03-2019,,
03-03-2019,,
04-03-2019,5.34,5.35
05-03-2019,5.38,5.39
06-03-2019,5.37,5.38
07-03-2019,5.38,5.39
08-03-2019,5.43,5.44
09-03-2019,,
10-03-2019,,
11-03-2019,5.45,5.46
12-03-2019,5.43,5.44
13-03-2019,5.44,5.45
14-03-2019,5.45,5.46
15-03-2019,5.46,5.47
16-03-2019,,
17-03-2019,,
18-03-2019,5.46,5.47
19-03-2019,5.45,5.46
20-03-2019,5.46,5.47
21-03-2019,5.47,5.48
22-03-2019,5.44,5.45
23-03-2019,,
24-03-2019,,
25-03-2019,5.53,5.54
26-03-2019,5.65,5.66
27-03-2019,5.49,5.50
28-03-2019,5.33,5.34
29-03-2019,5.54,5.55
30-03-2019,,
31-03-2019,,
01-04-2019,5.63,5.64
02-04-2019,5.60,5.61
03-04-2019,5.56,5.57
04-04-2019,5.61,5.62
05-04-2019,5.63,5.64
06-04-2019,,
07-04-2019,,
08-04-2019,5.59,5.60
09-04-2019,5.67,5.68
10-04-2019,5.66,5.67
11-04-2019,5.67,5.68
12-04-2019,5.71,5.72
13-04-2019,,
14-04-2019,,
15-04-2019,5.78,5.79
16-04-2019,5.79,5.80
17-04-2019,5.79,5.80
18-04-2019,5.74,5.75
19-04-2019,5.81,5.82
20-04-2019,,
21-04-2019,,
22-04-2019,5.79,5.80
23-04-2019,,
24-04-2019,5.83,5.84
25-04-2019,5.86,5.87
26-04-2019,5.89,5.90
27-04-2019,,
28-04-2019,,
29-04-2019,5.92,5.93
30-04-2019,5.93,5.94
01-05-2019,,
02-05-2019,5.96,5.97
03-05-2019,5.96,5.97
04-05-2019,,
05-05-2019,,
06-05-2019,5.96,5.97
07-05-2019,5.99,6.00
08-05-2019,6.15,6.16
09-05-2019,6.16,6.17
10-05-2019,6.20,6.21
11-05-2019,,
12-05-2019,,
13-05-2019,6.11,6.12
14-05-2019,6.08,6.09
15-05-2019,6.04,6.05
16-05-2019,6.05,6.06
17-05-2019,6.00,6.01
18-05-2019,,
19-05-2019,,
20-05-2019,6.05,6.06
21-05-2019,6.04,6.05
22-05-2019,6.04,6.05
23-05-2019,6.08,6.09
24-05-2019,6.13,6.14
25-05-2019,,
26-05-2019,,
27-05-2019,6.07,6.08
28-05-2019,6.05,6.06
29-05-2019,6.04,6.05
30-05-2019,6.02,6.03
31-05-2019,5.92,5.93
01-06-2019,,
02-06-2019,,
03-06-2019,5.86,5.87
04-06-2019,,
05-06-2019,,
06-06-2019,,
07-06-2019,5.86,5.87
08-06-2019,,
09-06-2019,,
10-06-2019,5.84,5.85
11-06-2019,5.81,5.82
12-06-2019,5.78,5.79
13-06-2019,5.80,5.81
14-06-2019,5.83,5.84
15-06-2019,,
16-06-2019,,
17-06-2019,5.88,5.89
18-06-2019,5.87,5.88
19-06-2019,5.84,5.85
20-06-2019,5.85,5.86
21-06-2019,5.73,5.74
22-06-2019,,
23-06-2019,,
24-06-2019,5.79,5.80
25-06-2019,5.74,5.75
26-06-2019,5.79,5.80
27-06-2019,5.76,5.77
28-06-2019,5.77,5.78
29-06-2019,,
30-06-2019,,
01-07-2019,5.76,5.77
02-07-2019,5.68,5.69
03-07-2019,5.67,5.68
04-07-2019,5.63,5.64
05-07-2019,5.59,5.60
06-07-2019,,
07-07-2019,,
08-07-2019,5.60,5.61
09-07-2019,5.72,5.73
10-07-2019,5.71,5.72
11-07-2019,5.74,5.75
12-07-2019,5.67,5.68
13-07-2019,,
14-07-2019,,
15-07-2019,,
16-07-2019,5.69,5.70
17-07-2019,5.70,5.71
18-07-2019,5.69,5.70
19-07-2019,5.69,5.70
20-07-2019,,
21-07-2019,,
22-07-2019,5.63,5.64
23-07-2019,5.67,5.68
24-07-2019,5.68,5.69
25-07-2019,5.71,5.72
26-07-2019,5.70,5.71
27-07-2019,,
28-07-2019,,
29-07-2019,5.66,5.67
30-07-2019,5.63,5.64
31-07-2019,5.57,5.58
01-08-2019,5.52,5.53
02-08-2019,5.58,5.59
03-08-2019,,
04-08-2019,,
05-08-2019,5.58,5.59
06-08-2019,5.56,5.57
07-08-2019,5.53,5.54
08-08-2019,5.49,5.50
09-08-2019,5.47,5.48
10-08-2019,,
11-08-2019,,
12-08-2019,,
13-08-2019,,
14-08-2019,,
15-08-2019,5.48,5.49
16-08-2019,5.57,5.58
17-08-2019,,
18-08-2019,,
19-08-2019,5.54,5.55
20-08-2019,5.58,5.59
21-08-2019,5.70,5.71
22-08-2019,5.71,5.72
23-08-2019,5.75,5.76
24-08-2019,,
25-08-2019,,
26-08-2019,5.75,5.76
27-08-2019,5.80,5.81
28-08-2019,5.83,5.84
29-08-2019,5.80,5.81
30-08-2019,,
31-08-2019,,
01-09-2019,,
02-09-2019,5.81,5.82
03-09-2019,5.80,5.81
04-09-2019,5.77,5.78
05-09-2019,5.67,5.68
06-09-2019,5.67,5.68
07-09-2019,,
08-09-2019,,
09-09-2019,5.69,5.70
10-09-2019,5.72,5.73
11-09-2019,5.76,5.77
12-09-2019,5.77,5.78
13-09-2019,5.73,5.74
14-09-2019,,
15-09-2019,,
16-09-2019,5.67,5.68
17-09-2019,5.71,5.72
18-09-2019,5.72,5.73
19-09-2019,5.68,5.69
20-09-2019,5.69,5.70
21-09-2019,,
22-09-2019,,
23-09-2019,5.69,5.70
24-09-2019,5.72,5.73
25-09-2019,5.67,5.68
26-09-2019,5.69,5.70
27-09-2019,5.67,5.68
28-09-2019,,
29-09-2019,,
30-09-2019,5.66,5.67
01-10-2019,5.64,5.65
02-10-2019,5.68,5.69
03-10-2019,5.73,5.74
04-10-2019,5.69,5.70
05-10-2019,,
06-10-2019,,
07-10-2019,5.69,5.70
08-10-2019,5.73,5.74
09-10-2019,5.82,5.83
10-10-2019,5.83,5.84
11-10-2019,5.87,5.88
12-10-2019,,
13-10-2019,,
14-10-2019,5.84,5.85
15-10-2019,5.91,5.92
16-10-2019,5.89,5.90
17-10-2019,5.89,5.90
18-10-2019,5.88,5.89
19-10-2019,,
20-10-2019,,
21-10-2019,5.77,5.78
22-10-2019,5.81,5.82
23-10-2019,5.83,5.84
24-10-2019,5.77,5.78
25-10-2019,5.74,5.75
26-10-2019,,
27-10-2019,,
28-10-2019,5.76,5.77
29-10-2019,,
30-10-2019,5.76,5.77
31-10-2019,5.74,5.75
01-11-2019,5.71,5.72
02-11-2019,,
03-11-2019,,
04-11-2019,5.72,5.73
05-11-2019,5.68,5.69
06-11-2019,5.73,5.74
07-11-2019,5.75,5.76
08-11-2019,5.74,5.75
09-11-2019,,
10-11-2019,,
11-11-2019,5.74,5.75
12-11-2019,5.77,5.78
13-11-2019,5.77,5.78
14-11-2019,5.76,5.77
15-11-2019,5.76,5.77
16-11-2019,,
17-11-2019,,
18-11-2019,5.75,5.76
19-11-2019,5.73,5.74
20-11-2019,5.72,5.73
21-11-2019,5.70,5.71
22-11-2019,5.69,5.70
23-11-2019,,
24-11-2019,,
25-11-2019,5.69,5.70
26-11-2019,5.72,5.73
27-11-2019,5.74,5.75
28-11-2019,5.75,5.76
29-11-2019,5.76,5.77
30-11-2019,,
01-12-2019,,
02-12-2019,5.74,5.75
03-12-2019,5.74,5.75
04-12-2019,5.74,5.75
05-12-2019,5.74,5.75
06-12-2019,5.75,5.76
07-12-2019,,
08-12-2019,,
09-12-2019,5.75,5.76
10-12-2019,5.79,5.80
11-12-2019,5.80,5.81
12-12-2019,5.80,5.81
13-12-2019,5.79,5.80
14-12-2019,,
15-12-2019,,
16-12-2019,5.77,5.78
17-12-2019,5.83,5.84
18-12-2019,5.86,5.87
19-12-2019,5.90,5.91
20-12-2019,5.93,5.94
21-12-2019,,
22-12-2019,,
23-12-2019,5.91,5.92
24-12-2019,5.93,5.94
25-12-2019,5.94,5.95
26-12-2019,5.93,5.94
27-12-2019,5.93,5.94
28-12-2019,,
29-12-2019,,
30-12-2019,5.94,5.95
31-12-2019,5.94,5.95
01-01-2020,,
02-01-2020,5.94,5.95
03-01-2020,5.95,5.96
04-01-2020,,
05-01-2020,,
06-01-2020,5.96,5.97
07-01-2020,5.97,5.98
08-01-2020,5.96,5.97
09-01-2020,5.96,5.97
10-01-2020,5.88,5.89
11-01-2020,,
12-01-2020,,
13-01-2020,5.87,5.88
14-01-2020,5.85,5.86
15-01-2020,5.88,5.89
16-01-2020,5.88,5.89
17-01-2020,5.87,5.88
18-01-2020,,
19-01-2020,,
20-01-2020,5.86,5.87
21-01-2020,5.90,5.91
22-01-2020,5.92,5.93
23-01-2020,5.93,5.94
24-01-2020,5.92,5.93
25-01-2020,,
26-01-2020,,
27-01-2020,5.93,5.94
28-01-2020,5.94,5.95
29-01-2020,5.93,5.94
30-01-2020,5.94,5.95
31-01-2020,5.97,5.98
01-02-2020,,
02-02-2020,,
03-02-2020,5.97,5.98
04-02-2020,5.98,5.99
05-02-2020,5.97,5.98
06-02-2020,5.98,5.99
07-02-2020,5.98,5.99
08-02-2020,,
09-02-2020,,
10-02-2020,5.98,5.99
11-02-2020,6.00,6.01
12-02-2020,6.03,6.04
13-02-2020,6.02,6.03
14-02-2020,6.05,6.06
15-02-2020,,
16-02-2020,,
17-02-2020,6.05,6.06
18-02-2020,6.04,6.05
19-02-2020,6.06,6.07
20-02-2020,6.06,6.07
21-02-2020,6.08,6.09
22-02-2020,,
23-02-2020,,
24-02-2020,6.10,6.11
25-02-2020,6.14,6.15
26-02-2020,6.12,6.13
27-02-2020,6.15,6.16
28-02-2020,6.16,6.17
29-02-2020,,
01-03-2020,,
02-03-2020,6.23,6.24
03-03-2020,6.22,6.23
04-03-2020,6.19,6.21
05-03-2020,6.09,6.10
06-03-2020,6.08,6.09
07-03-2020,,
08-03-2020,,
09-03-2020,6.08,6.09
10-03-2020,6.11,6.12
11-03-2020,6.12,6.13
12-03-2020,6.15,6.16
13-03-2020,6.23,6.24
14-03-2020,,
15-03-2020,,
16-03-2020,6.27,6.28
17-03-2020,6.36,6.37
18-03-2020,6.45,6.46
19-03-2020,6.45,6.46
20-03-2020,6.52,6.53
21-03-2020,,
22-03-2020,,
23-03-2020,6.48,6.50
24-03-2020,6.59,6.60
25-03-2020,6.49,6.51
26-03-2020,6.40,6.41
27-03-2020,6.46,6.47
28-03-2020,,
29-03-2020,,
30-03-2020,6.43,6.45
31-03-2020,6.52,6.53
01-04-2020,6.57,6.58
02-04-2020,6.64,6.65
03-04-2020,6.67,6.68
04-04-2020,,
05-04-2020,,
06-04-2020,6.69,6.70
07-04-2020,6.75,6.77
08-04-2020,6.74,6.75
09-04-2020,6.77,6.78
10-04-2020,6.74,6.75
11-04-2020,,
12-04-2020,,
13-04-2020,6.69,6.70
14-04-2020,6.76,6.77
15-04-2020,6.78,6.79
16-04-2020,6.85,6.86
17-04-2020,6.91,6.92
18-04-2020,,
19-04-2020,,
20-04-2020,6.91,6.93
21-04-2020,6.91,6.92
22-04-2020,6.96,6.97
23-04-2020,,
24-04-2020,6.97,6.98
25-04-2020,,
26-04-2020,,
27-04-2020,6.96,6.97
28-04-2020,6.97,6.98
29-04-2020,6.99,7.00
30-04-2020,6.98,6.99
01-05-2020,,
02-05-2020,,
03-05-2020,,
04-05-2020,6.97,6.98
05-05-2020,7.02,7.03
06-05-2020,7.06,7.07
07-05-2020,7.13,7.15
08-05-2020,7.22,7.23
09-05-2020,,
10-05-2020,,
11-05-2020,7.10,7.11
12-05-2020,7.07,7.08
13-05-2020,7.01,7.02
14-05-2020,6.98,6.99
15-05-2020,6.95,6.97
16-05-2020,,
17-05-2020,,
18-05-2020,6.90,6.92
19-05-2020,,
20-05-2020,6.86,6.87
21-05-2020,6.78,6.80
22-05-2020,6.79,6.80
23-05-2020,,
24-05-2020,,
25-05-2020,,
26-05-2020,,
27-05-2020,6.79,6.80
28-05-2020,6.76,6.77
29-05-2020,6.79,6.80
30-05-2020,,
31-05-2020,,
01-06-2020,6.81,6.83
02-06-2020,6.81,6.82
03-06-2020,6.78,6.79
04-06-2020,6.73,6.74
05-06-2020,6.75,6.76
06-06-2020,,
07-06-2020,,
08-06-2020,6.76,6.77
09-06-2020,6.77,6.78
10-06-2020,6.78,6.80
11-06-2020,6.78,6.79
12-06-2020,6.78,6.79
13-06-2020,,
14-06-2020,,
15-06-2020,6.81,6.83
16-06-2020,6.82,6.83
17-06-2020,6.83,6.84
18-06-2020,6.83,6.85
19-06-2020,6.85,6.86
20-06-2020,,
21-06-2020,,
22-06-2020,6.84,6.86
23-06-2020,6.84,6.85
24-06-2020,6.84,6.86
25-06-2020,6.85,6.86
26-06-2020,6.84,6.86
27-06-2020,,
28-06-2020,,
29-06-2020,6.84,6.85
30-06-2020,6.84,6.85
01-07-2020,6.84,6.86
02-07-2020,6.84,6.86
03-07-2020,6.84,6.86
04-07-2020,,
05-07-2020,,
06-07-2020,6.84,6.85
07-07-2020,6.85,6.86
08-07-2020,6.85,6.86
09-07-2020,6.85,6.86
10-07-2020,6.85,6.87
11-07-2020,,
12-07-2020,,
13-07-2020,6.85,6.86
14-07-2020,6.85,6.87
15-07-2020,,
16-07-2020,6.85,6.86
17-07-2020,6.85,6.86
18-07-2020,,
19-07-2020,,
20-07-2020,6.84,6.86
21-07-2020,6.84,6.86
22-07-2020,6.84,6.86
23-07-2020,6.84,6.85
24-07-2020,6.83,6.85
25-07-2020,,
26-07-2020,,
27-07-2020,6.84,6.85
28-07-2020,6.84,6.85
29-07-2020,6.88,6.90
30-07-2020,6.94,6.95
31-07-2020,,
01-08-2020,,
02-08-2020,,
03-08-2020,,
04-08-2020,6.94,6.95
05-08-2020,6.93,6.95
06-08-2020,6.99,7.00
07-08-2020,7.16,7.17
08-08-2020,,
09-08-2020,,
10-08-2020,7.27,7.28
11-08-2020,7.30,7.31
12-08-2020,7.25,7.26
13-08-2020,7.29,7.30
14-08-2020,7.31,7.33
15-08-2020,,
16-08-2020,,
17-08-2020,7.34,7.36
18-08-2020,7.37,7.38
19-08-2020,7.37,7.38
20-08-2020,7.35,7.36
21-08-2020,7.30,7.31
22-08-2020,,
23-08-2020,,
24-08-2020,7.22,7.23
25-08-2020,7.34,7.35
26-08-2020,7.37,7.38
27-08-2020,7.35,7.36
28-08-2020,7.32,7.33
29-08-2020,,
30-08-2020,,
31-08-2020,7.31,7.32
01-09-2020,7.33,7.34
02-09-2020,7.34,7.36
03-09-2020,7.36,7.37
04-09-2020,7.40,7.41
05-09-2020,,
06-09-2020,,
07-09-2020,7.41,7.43
08-09-2020,7.43,7.45
09-09-2020,7.45,7.47
10-09-2020,7.47,7.48
11-09-2020,7.46,7.47
12-09-2020,,
13-09-2020,,
14-09-2020,7.44,7.45
15-09-2020,7.47,7.48
16-09-2020,7.47,7.48
17-09-2020,7.47,7.48
18-09-2020,7.52,7.53
19-09-2020,,
20-09-2020,,
21-09-2020,7.53,7.55
22-09-2020,7.57,7.59
23-09-2020,7.63,7.64
24-09-2020,7.66,7.67
25-09-2020,7.66,7.68
26-09-2020,,
27-09-2020,,
28-09-2020,7.55,7.57
29-09-2020,7.75,7.76
30-09-2020,7.81,7.82
01-10-2020,7.75,7.77
02-10-2020,7.69,7.71
03-10-2020,,
04-10-2020,,
05-10-2020,7.73,7.74
06-10-2020,7.73,7.74
07-10-2020,7.75,7.76
08-10-2020,7.83,7.84
09-10-2020,7.89,7.91
10-10-2020,,
11-10-2020,,
12-10-2020,7.91,7.92
13-10-2020,7.87,7.88
14-10-2020,7.88,7.89
15-10-2020,7.92,7.93
16-10-2020,7.91,7.93
17-10-2020,,
18-10-2020,,
19-10-2020,7.91,7.93
20-10-2020,7.88,7.89
21-10-2020,7.88,7.89
22-10-2020,7.82,7.83
23-10-2020,7.80,7.82
24-10-2020,,
25-10-2020,,
26-10-2020,7.94,7.95
27-10-2020,8.03,8.04
28-10-2020,8.12,8.14
29-10-2020,,
30-10-2020,8.12,8.14
31-10-2020,,
01-11-2020,,
02-11-2020,8.31,8.32
03-11-2020,8.38,8.39
04-11-2020,8.45,8.47
05-11-2020,8.46,8.47
06-11-2020,8.44,8.46
07-11-2020,,
08-11-2020,,
09-11-2020,8.46,8.48
10-11-2020,8.18,8.19
11-11-2020,8.24,8.25
12-11-2020,8.05,8.06
13-11-2020,7.79,7.80
14-11-2020,,
15-11-2020,,
16-11-2020,7.63,7.64
17-11-2020,7.68,7.69
18-11-2020,7.74,7.75
19-11-2020,7.72,7.73
20-11-2020,7.67,7.68
21-11-2020,,
22-11-2020,,
23-11-2020,7.58,7.59
24-11-2020,7.76,7.77
25-11-2020,7.92,7.93
26-11-2020,7.94,7.96
27-11-2020,7.89,7.91
28-11-2020,,
29-11-2020,,
30-11-2020,7.80,7.81
01-12-2020,7.79,7.80
02-12-2020,7.84,7.86
03-12-2020,7.81,7.82
04-12-2020,7.85,7.86
05-12-2020,,
06-12-2020,,
07-12-2020,7.78,7.79
08-12-2020,7.84,7.85
09-12-2020,7.81,7.82
10-12-2020,7.82,7.83
11-12-2020,7.85,7.86
12-12-2020,,
13-12-2020,,
14-12-2020,7.93,7.95
15-12-2020,7.87,7.88
16-12-2020,7.83,7.85
17-12-2020,7.79,7.80
18-12-2020,7.75,7.77
19-12-2020,,
20-12-2020,,
21-12-2020,7.69,7.70
22-12-2020,7.68,7.69
23-12-2020,7.64,7.65
24-12-2020,7.63,7.65
25-12-2020,7.62,7.63
26-12-2020,,
27-12-2020,,
28-12-2020,7.55,7.57
29-12-2020,7.47,7.49
30-12-2020,7.41,7.42
31-12-2020,7.34,7.35
01-01-2021,,
02-01-2021,,
03-01-2021,,
04-01-2021,7.42,7.43
05-01-2021,7.36,7.37
06-01-2021,7.39,7.40
07-01-2021,7.33,7.34
08-01-2021,7.27,7.29
09-01-2021,,
10-01-2021,,
11-01-2021,7.35,7.36
12-01-2021,7.44,7.46
13-01-2021,7.46,7.47
14-01-2021,7.43,7.44
15-01-2021,7.39,7.40
16-01-2021,,
17-01-2021,,
18-01-2021,7.39,7.40
19-01-2021,7.50,7.51
20-01-2021,7.45,7.46
21-01-2021,7.44,7.45
22-01-2021,7.38,7.40
23-01-2021,,
24-01-2021,,
25-01-2021,7.40,7.41
26-01-2021,7.38,7.39
27-01-2021,7.38,7.40
28-01-2021,7.35,7.37
29-01-2021,7.37,7.39
30-01-2021,,
31-01-2021,,
01-02-2021,7.32,7.33
02-02-2021,7.22,7.23
03-02-2021,7.14,7.15
04-02-2021,7.15,7.16
05-02-2021,7.13,7.15
06-02-2021,,
07-02-2021,,
08-02-2021,7.08,7.09
09-02-2021,7.07,7.08
10-02-2021,7.08,7.09
11-02-2021,7.05,7.06
12-02-2021,7.04,7.05
13-02-2021,,
14-02-2021,,
15-02-2021,7.02,7.03
16-02-2021,6.97,6.99
17-02-2021,6.92,6.93
18-02-2021,7.00,7.02
19-02-2021,6.95,6.97
20-02-2021,,
21-02-2021,,
22-02-2021,6.96,6.97
23-02-2021,6.99,7.01
24-02-2021,7.03,7.04
25-02-2021,7.14,7.15
26-02-2021,7.19,7.21
27-02-2021,,
28-02-2021,,
01-03-2021,7.37,7.38
02-03-2021,7.30,7.32
03-03-2021,7.31,7.32
04-03-2021,7.34,7.35
05-03-2021,7.45,7.47
06-03-2021,,
07-03-2021,,
08-03-2021,7.51,7.52
09-03-2021,7.59,7.61
10-03-2021,7.64,7.65
11-03-2021,7.60,7.61
12-03-2021,7.44,7.46
13-03-2021,,
14-03-2021,,
15-03-2021,7.57,7.58
16-03-2021,7.54,7.55
17-03-2021,7.50,7.52
18-03-2021,7.50,7.51
19-03-2021,7.46,7.47
20-03-2021,,
21-03-2021,,
22-03-2021,7.27,7.28
23-03-2021,7.90,7.92
24-03-2021,7.81,7.82
25-03-2021,7.97,7.98
26-03-2021,7.94,7.96
27-03-2021,,
28-03-2021,,
29-03-2021,7.99,8.00
30-03-2021,8.12,8.13
31-03-2021,8.33,8.34
01-04-2021,8.33,8.34
02-04-2021,8.17,8.19
03-04-2021,,
04-04-2021,,
05-04-2021,8.04,8.05
06-04-2021,8.14,8.15
07-04-2021,8.14,8.16
08-04-2021,8.17,8.18
09-04-2021,8.15,8.17
10-04-2021,,
11-04-2021,,
12-04-2021,8.14,8.15
13-04-2021,8.17,8.18
14-04-2021,8.14,8.15
15-04-2021,8.07,8.09
16-04-2021,8.06,8.07
17-04-2021,,
18-04-2021,,
19-04-2021,8.06,8.07
20-04-2021,8.05,8.07
21-04-2021,8.10,8.12
22-04-2021,8.14,8.16
23-04-2021,,
24-04-2021,,
25-04-2021,,
26-04-2021,8.27,8.28
27-04-2021,8.33,8.34
28-04-2021,8.23,8.25
29-04-2021,8.19,8.20
30-04-2021,8.18,8.19
01-05-2021,,
02-05-2021,,
03-05-2021,8.23,8.25
04-05-2021,8.29,8.31
05-05-2021,8.31,8.32
06-05-2021,8.34,8.36
07-05-2021,8.31,8.32
08-05-2021,,
09-05-2021,,
10-05-2021,8.27,8.29
11-05-2021,8.25,8.26
12-05-2021,8.29,8.30
13-05-2021,,
14-05-2021,,
15-05-2021,,
16-05-2021,,
17-05-2021,8.29,8.30
18-05-2021,8.35,8.36
19-05-2021,,
20-05-2021,8.33,8.34
21-05-2021,8.37,8.38
22-05-2021,,
23-05-2021,,
24-05-2021,8.36,8.37
25-05-2021,8.38,8.40
26-05-2021,8.39,8.41
27-05-2021,8.43,8.45
28-05-2021,8.43,8.45
29-05-2021,,
30-05-2021,,
31-05-2021,8.55,8.57
01-06-2021,8.50,8.51
02-06-2021,8.50,8.52
03-06-2021,8.61,8.62
04-06-2021,8.62,8.64
05-06-2021,,
06-06-2021,,
07-06-2021,8.68,8.70
08-06-2021,8.62,8.64
09-06-2021,8.59,8.60
10-06-2021,8.58,8.59
11-06-2021,8.53,8.55
12-06-2021,,
13-06-2021,,
14-06-2021,8.35,8.37
15-06-2021,8.34,8.35
16-06-2021,8.55,8.56
17-06-2021,8.52,8.54
18-06-2021,8.62,8.64
19-06-2021,,
20-06-2021,,
21-06-2021,8.66,8.68
22-06-2021,8.75,8.77
23-06-2021,8.72,8.74
24-06-2021,8.61,8.63
25-06-2021,8.66,8.67
26-06-2021,,
27-06-2021,,
28-06-2021,8.68,8.69
29-06-2021,8.72,8.74
30-06-2021,8.71,8.72
01-07-2021,8.68,8.70
02-07-2021,8.68,8.69
03-07-2021,,
04-07-2021,,
05-07-2021,8.68,8.70
06-07-2021,8.67,8.68
07-07-2021,8.65,8.67
08-07-2021,8.67,8.68
09-07-2021,8.69,8.70
10-07-2021,,
11-07-2021,,
12-07-2021,8.67,8.69
13-07-2021,8.63,8.65
14-07-2021,8.60,8.62
15-07-2021,,
16-07-2021,8.61,8.63
17-07-2021,,
18-07-2021,,
19-07-2021,8.51,8.53
20-07-2021,,
21-07-2021,,
22-07-2021,,
23-07-2021,,
24-07-2021,,
25-07-2021,,
26-07-2021,8.51,8.53
27-07-2021,8.57,8.59
28-07-2021,8.56,8.58
29-07-2021,8.54,8.56
30-07-2021,8.50,8.51
31-07-2021,,
01-08-2021,,
02-08-2021,8.41,8.43
03-08-2021,8.39,8.40
04-08-2021,8.32,8.34
05-08-2021,8.42,8.43
06-08-2021,8.53,8.54
07-08-2021,,
08-08-2021,,
09-08-2021,8.56,8.58
10-08-2021,8.64,8.66
11-08-2021,8.62,8.64
12-08-2021,8.62,8.64
13-08-2021,8.57,8.59
14-08-2021,,
15-08-2021,,
16-08-2021,8.54,8.55
17-08-2021,8.47,8.48
18-08-2021,8.41,8.43
19-08-2021,8.46,8.48
20-08-2021,8.51,8.53
21-08-2021,,
22-08-2021,,
23-08-2021,8.53,8.54
24-08-2021,8.46,8.47
25-08-2021,8.41,8.43
26-08-2021,8.38,8.39
27-08-2021,8.36,8.37
28-08-2021,,
29-08-2021,,
30-08-2021,,
31-08-2021,8.38,8.39
01-09-2021,8.30,8.32
02-09-2021,8.29,8.30
03-09-2021,8.26,8.28
04-09-2021,,
05-09-2021,,
06-09-2021,8.30,8.31
07-09-2021,8.28,8.29
08-09-2021,8.30,8.31
09-09-2021,8.41,8.42
10-09-2021,8.47,8.48
11-09-2021,,
12-09-2021,,
13-09-2021,8.40,8.42
14-09-2021,8.44,8.46
15-09-2021,8.43,8.45
16-09-2021,8.43,8.44
17-09-2021,8.44,8.46
18-09-2021,,
19-09-2021,,
20-09-2021,8.57,8.58
21-09-2021,8.66,8.68
22-09-2021,8.63,8.65
23-09-2021,8.63,8.65
24-09-2021,8.66,8.67
25-09-2021,,
26-09-2021,,
27-09-2021,8.82,8.84
28-09-2021,8.84,8.85
29-09-2021,8.86,8.87
30-09-2021,8.84,8.86
01-10-2021,8.88,8.89
02-10-2021,,
03-10-2021,,
04-10-2021,8.85,8.86
05-10-2021,8.85,8.87
06-10-2021,8.84,8.86
07-10-2021,8.91,8.92
08-10-2021,8.86,8.88
09-10-2021,,
10-10-2021,,
11-10-2021,8.90,8.91
12-10-2021,8.94,8.95
13-10-2021,9.00,9.02
14-10-2021,9.02,9.04
15-10-2021,9.14,9.16
16-10-2021,,
17-10-2021,,
18-10-2021,9.20,9.22
19-10-2021,9.27,9.28
20-10-2021,9.28,9.30
21-10-2021,9.31,9.33
22-10-2021,9.29,9.30
23-10-2021,,
24-10-2021,,
25-10-2021,9.59,9.60
26-10-2021,9.74,9.75
27-10-2021,9.46,9.47
28-10-2021,9.48,9.50
29-10-2021,,
30-10-2021,,
31-10-2021,,
01-11-2021,9.48,9.50
02-11-2021,9.53,9.55
03-11-2021,9.52,9.53
04-11-2021,9.66,9.67
05-11-2021,9.69,9.71
06-11-2021,,
07-11-2021,,
08-11-2021,9.70,9.72
09-11-2021,9.68,9.70
10-11-2021,9.70,9.72
11-11-2021,9.78,9.80
12-11-2021,9.92,9.93
13-11-2021,,
14-11-2021,,
15-11-2021,9.91,9.93
16-11-2021,9.98,10.00
17-11-2021,10.17,10.19
18-11-2021,10.40,10.42
19-11-2021,10.70,10.72
20-11-2021,,
21-11-2021,,
22-11-2021,11.03,11.05
23-11-2021,11.17,11.19
24-11-2021,12.16,12.18
25-11-2021,12.61,12.63
26-11-2021,12.00,12.02
27-11-2021,,
28-11-2021,,
29-11-2021,12.08,12.10
30-11-2021,12.66,12.68
01-12-2021,12.94,12.96
02-12-2021,13.34,13.36
03-12-2021,13.41,13.43
04-12-2021,,
05-12-2021,,
06-12-2021,13.68,13.70
07-12-2021,13.77,13.80
08-12-2021,13.67,13.69
09-12-2021,13.62,13.65
10-12-2021,13.74,13.77
11-12-2021,,
12-12-2021,,
13-12-2021,13.83,13.86
14-12-2021,14.25,14.27
15-12-2021,14.17,14.20
16-12-2021,14.64,14.66
17-12-2021,15.21,15.24
18-12-2021,,
19-12-2021,,
20-12-2021,16.34,16.37
21-12-2021,17.47,17.50
22-12-2021,13.02,13.05
23-12-2021,12.45,12.48
24-12-2021,11.45,11.47
25-12-2021,,
26-12-2021,,
27-12-2021,11.73,11.75
28-12-2021,11.39,11.41
29-12-2021,11.83,11.85
30-12-2021,12.22,12.24
31-12-2021,12.98,13.00
01-01-2022,,
02-01-2022,,
03-01-2022,13.33,13.35
04-01-2022,13.42,13.45
05-01-2022,13.19,13.21
06-01-2022,13.37,13.39
07-01-2022,13.64,13.66
08-01-2022,,
09-01-2022,,
10-01-2022,13.75,13.78
11-01-2022,13.72,13.74
12-01-2022,13.73,13.76
13-01-2022,13.72,13.75
14-01-2022,13.54,13.56
15-01-2022,,
16-01-2022,,
17-01-2022,13.51,13.53
18-01-2022,13.48,13.50
19-01-2022,13.51,13.54
20-01-2022,13.57,13.59
21-01-2022,13.44,13.47
22-01-2022,,
23-01-2022,,
24-01-2022,13.40,13.43
25-01-2022,13.38,13.41
26-01-2022,13.50,13.52
27-01-2022,13.50,13.53
28-01-2022,13.59,13.62
29-01-2022,,
30-01-2022,,
31-01-2022,13.61,13.63
01-02-2022,13.40,13.43
02-02-2022,13.37,13.39
03-02-2022,13.43,13.45
04-02-2022,13.55,13.58
05-02-2022,,
06-02-2022,,
07-02-2022,13.53,13.56
08-02-2022,13.54,13.57
09-02-2022,13.62,13.64
10-02-2022,13.57,13.59
11-02-2022,13.53,13.56
12-02-2022,,
13-02-2022,,
14-02-2022,13.49,13.52
15-02-2022,13.54,13.56
16-02-2022,13.60,13.63
17-02-2022,13.62,13.64
18-02-2022,13.60,13.63
19-02-2022,,
20-02-2022,,
21-02-2022,13.61,13.64
22-02-2022,13.61,13.64
23-02-2022,13.74,13.77
24-02-2022,13.78,13.81
25-02-2022,14.23,14.26
26-02-2022,,
27-02-2022,,
28-02-2022,14.04,14.06
01-03-2022,13.83,13.85
02-03-2022,13.89,13.91
03-03-2022,14.04,14.06
04-03-2022,14.11,14.14
05-03-2022,,
06-03-2022,,
07-03-2022,14.18,14.20
08-03-2022,14.30,14.33
09-03-2022,14.47,14.50
10-03-2022,14.61,14.63
11-03-2022,14.74,14.77
12-03-2022,,
13-03-2022,,
14-03-2022,14.90,14.93
15-03-2022,14.76,14.79
16-03-2022,14.75,14.78
17-03-2022,14.68,14.70
18-03-2022,14.67,14.70
19-03-2022,,
20-03-2022,,
21-03-2022,14.76,14.79
22-03-2022,14.82,14.84
23-03-2022,14.80,14.83
24-03-2022,14.81,14.83
25-03-2022,14.82,14.85
26-03-2022,,
27-03-2022,,
28-03-2022,14.81,14.83
29-03-2022,14.82,14.85
30-03-2022,14.79,14.82
31-03-2022,14.65,14.67
01-04-2022,14.64,14.66
02-04-2022,,
03-04-2022,,
04-04-2022,14.66,14.69
05-04-2022,14.69,14.71
06-04-2022,14.70,14.72
07-04-2022,14.72,14.74
08-04-2022,14.73,14.76
09-04-2022,,
10-04-2022,,
11-04-2022,14.72,14.75
12-04-2022,14.72,14.74
13-04-2022,14.66,14.69
14-04-2022,14.56,14.59
15-04-2022,14.59,14.62
16-04-2022,,
17-04-2022,,
18-04-2022,14.62,14.64
19-04-2022,14.63,14.65
20-04-2022,14.63,14.66
21-04-2022,14.64,14.67
22-04-2022,14.66,14.69
23-04-2022,,
24-04-2022,,
25-04-2022,14.71,14.73
26-04-2022,14.74,14.77
27-04-2022,14.77,14.79
28-04-2022,14.80,14.82
29-04-2022,14.78,14.81
30-04-2022,,
01-05-2022,,
02-05-2022,,
03-05-2022,,
04-05-2022,,
05-05-2022,14.79,14.81
06-05-2022,14.83,14.86
07-05-2022,,
08-05-2022,,
09-05-2022,14.90,14.92
10-05-2022,14.97,15.00
11-05-2022,15.19,15.22
12-05-2022,15.29,15.32
13-05-2022,15.35,15.38
14-05-2022,,
15-05-2022,,
16-05-2022,15.44,15.47
17-05-2022,15.56,15.59
18-05-2022,15.79,15.82
19-05-2022,,
20-05-2022,15.92,15.95
21-05-2022,,
22-05-2022,,
23-05-2022,15.92,15.95
24-05-2022,15.85,15.88
25-05-2022,16.08,16.11
26-05-2022,16.27,16.30
27-05-2022,16.37,16.40
28-05-2022,,
29-05-2022,,
30-05-2022,16.35,16.38
31-05-2022,16.36,16.39
01-06-2022,16.39,16.42
02-06-2022,16.41,16.44
03-06-2022,16.44,16.47
04-06-2022,,
05-06-2022,,
06-06-2022,16.48,16.51
07-06-2022,16.56,16.59
08-06-2022,16.71,16.74
09-06-2022,17.09,17.12
10-06-2022,17.20,17.23
11-06-2022,,
12-06-2022,,
13-06-2022,17.06,17.09
14-06-2022,17.23,17.27
15-06-2022,17.23,17.27
16-06-2022,17.26,17.29
17-06-2022,17.29,17.32
18-06-2022,,
19-06-2022,,
20-06-2022,17.29,17.32
21-06-2022,17.31,17.34
22-06-2022,17.32,17.35
23-06-2022,17.33,17.36
24-06-2022,17.35,17.38
25-06-2022,,
26-06-2022,,
27-06-2022,17.35,17.38
28-06-2022,16.65,16.68
29-06-2022,16.62,16.65
30-06-2022,16.67,16.70
01-07-2022,16.66,16.69
02-07-2022,,
03-07-2022,,
04-07-2022,16.72,16.75
05-07-2022,16.79,16.82
06-07-2022,16.94,16.97
07-07-2022,17.18,17.21
08-07-2022,17.26,17.29
09-07-2022,,
10-07-2022,,
11-07-2022,,
12-07-2022,,
13-07-2022,17.26,17.29
14-07-2022,17.39,17.42
15-07-2022,,
16-07-2022,,
17-07-2022,,
18-07-2022,17.46,17.49
19-07-2022,17.46,17.50
20-07-2022,17.54,17.57
21-07-2022,17.56,17.59
22-07-2022,17.63,17.66
23-07-2022,,
24-07-2022,,
25-07-2022,17.71,17.74
26-07-2022,17.80,17.83
27-07-2022,17.83,17.87
28-07-2022,17.87,17.90
29-07-2022,17.90,17.94
30-07-2022,,
31-07-2022,,
01-08-2022,17.89,17.93
02-08-2022,17.93,17.96
03-08-2022,17.93,17.97
04-08-2022,17.94,17.97
05-08-2022,17.94,17.97
06-08-2022,,
07-08-2022,,
08-08-2022,17.94,17.97
09-08-2022,17.94,17.97
10-08-2022,17.93,17.96
11-08-2022,17.93,17.96
12-08-2022,17.94,17.97
13-08-2022,,
14-08-2022,,
15-08-2022,17.94,17.97
16-08-2022,17.94,17.97
17-08-2022,17.94,17.97
18-08-2022,17.94,17.97
19-08-2022,17.97,18.00
20-08-2022,,
21-08-2022,,
22-08-2022,18.08,18.11
23-08-2022,18.10,18.13
24-08-2022,18.10,18.13
25-08-2022,18.12,18.15
26-08-2022,18.15,18.18
27-08-2022,,
28-08-2022,,
29-08-2022,18.16,18.19
30-08-2022,,
31-08-2022,18.16,18.20
01-09-2022,18.17,18.20
02-09-2022,18.18,18.21
03-09-2022,,
04-09-2022,,
05-09-2022,18.20,18.23
06-09-2022,18.21,18.24
07-09-2022,18.20,18.24
08-09-2022,18.21,18.25
09-09-2022,18.22,18.25
10-09-2022,,
11-09-2022,,
12-09-2022,18.22,18.25
13-09-2022,18.22,18.25
14-09-2022,18.22,18.25
15-09-2022,18.23,18.26
16-09-2022,18.24,18.28
17-09-2022,,
18-09-2022,,
19-09-2022,18.25,18.28
20-09-2022,18.27,18.30
21-09-2022,18.28,18.31
22-09-2022,18.29,18.33
23-09-2022,18.34,18.37
24-09-2022,,
25-09-2022,,
26-09-2022,18.37,18.40
27-09-2022,18.43,18.46
28-09-2022,18.45,18.48
29-09-2022,18.49,18.52
30-09-2022,18.50,18.54
01-10-2022,,
02-10-2022,,
03-10-2022,18.52,18.55
04-10-2022,18.54,18.57
05-10-2022,18.54,18.58
06-10-2022,18.56,18.59
07-10-2022,18.56,18.59
08-10-2022,,
09-10-2022,,
10-10-2022,18.56,18.59
11-10-2022,18.56,18.59
12-10-2022,18.56,18.59
13-10-2022,18.57,18.60
14-10-2022,18.57,18.60
15-10-2022,,
16-10-2022,,
17-10-2022,18.56,18.59
18-10-2022,18.57,18.60
19-10-2022,18.57,18.60
20-10-2022,18.57,18.60
21-10-2022,18.57,18.60
22-10-2022,,
23-10-2022,,
24-10-2022,18.57,18.61
25-10-2022,18.58,18.62
26-10-2022,18.58,18.62
27-10-2022,18.59,18.62
28-10-2022,18.59,18.62
29-10-2022,,
30-10-2022,,
31-10-2022,18.59,18.62
01-11-2022,18.59,18.63
02-11-2022,18.60,18.63
03-11-2022,18.60,18.63
04-11-2022,18.60,18.63
05-11-2022,,
06-11-2022,,
07-11-2022,18.59,18.63
08-11-2022,18.58,18.62
09-11-2022,18.58,18.61
10-11-2022,18.58,18.61
11-11-2022,18.58,18.61
12-11-2022,,
13-11-2022,,
14-11-2022,18.51,18.54
15-11-2022,18.58,18.62
16-11-2022,18.59,18.62
17-11-2022,18.59,18.63
18-11-2022,18.60,18.63
19-11-2022,,
20-11-2022,,
21-11-2022,18.59,18.63
22-11-2022,18.60,18.63
23-11-2022,18.60,18.64
24-11-2022,18.61,18.64
25-11-2022,18.60,18.64
26-11-2022,,
27-11-2022,,
28-11-2022,18.61,18.64
29-11-2022,18.61,18.64
30-11-2022,18.61,18.65
01-12-2022,18.62,18.65
02-12-2022,18.61,18.65
03-12-2022,,
04-12-2022,,
05-12-2022,18.61,18.64
06-12-2022,18.61,18.65
07-12-2022,18.61,18.65
08-12-2022,18.62,18.65
09-12-2022,18.62,18.65
10-12-2022,,
11-12-2022,,
12-12-2022,18.62,18.65
13-12-2022,18.62,18.65
14-12-2022,18.62,18.66
15-12-2022,18.63,18.66
16-12-2022,18.63,18.66
17-12-2022,,
18-12-2022,,
19-12-2022,18.63,18.66
20-12-2022,18.63,18.66
21-12-2022,18.64,18.67
22-12-2022,18.64,18.68
23-12-2022,18.65,18.69
24-12-2022,,
25-12-2022,,
26-12-2022,18.66,18.69
27-12-2022,18.66,18.70
28-12-2022,18.68,18.72
29-12-2022,18.70,18.73
30-12-2022,18.70,18.73
31-12-2022,,
01-01-2023,,
02-01-2023,18.70,18.73
03-01-2023,18.70,18.74
04-01-2023,18.71,18.74
05-01-2023,18.72,18.75
06-01-2023,18.74,18.77
07-01-2023,,
08-01-2023,,
09-01-2023,18.75,18.78
10-01-2023,18.75,18.79
11-01-2023,18.76,18.79
12-01-2023,18.76,18.79
13-01-2023,18.76,18.79
14-01-2023,,
15-01-2023,,
16-01-2023,18.76,18.79
17-01-2023,18.77,18.80
18-01-2023,18.77,18.80
19-01-2023,18.77,18.80
20-01-2023,18.77,18.81
21-01-2023,,
22-01-2023,,
23-01-2023,18.78,18.81
24-01-2023,18.78,18.82
25-01-2023,18.77,18.81
26-01-2023,18.79,18.82
27-01-2023,18.79,18.82
28-01-2023,,
29-01-2023,,
30-01-2023,18.79,18.82
31-01-2023,18.79,18.82
01-02-2023,18.79,18.82
02-02-2023,18.79,18.82
03-02-2023,18.79,18.83
04-02-2023,,
05-02-2023,,
06-02-2023,18.79,18.83
07-02-2023,18.81,18.84
08-02-2023,18.81,18.84
09-02-2023,18.81,18.84
10-02-2023,18.81,18.84
11-02-2023,,
12-02-2023,,
13-02-2023,18.81,18.85
14-02-2023,18.82,18.85
15-02-2023,18.82,18.86
16-02-2023,18.83,18.86
17-02-2023,18.83,18.87
18-02-2023,,
19-02-2023,,
20-02-2023,18.84,18.87
21-02-2023,18.84,18.88
22-02-2023,18.85,18.88
23-02-2023,18.85,18.88
24-02-2023,18.85,18.89
25-02-2023,,
26-02-2023,,
27-02-2023,18.86,18.89
28-02-2023,18.86,18.90
01-03-2023,18.86,18.90
02-03-2023,18.87,18.90
03-03-2023,18.87,18.90
04-03-2023,,
05-03-2023,,
06-03-2023,18.86,18.89
07-03-2023,18.88,18.91
08-03-2023,18.89,18.92
09-03-2023,18.91,18.95
10-03-2023,18.93,18.96
11-03-2023,,
12-03-2023,,
13-03-2023,18.94,18.97
14-03-2023,18.95,18.98
15-03-2023,18.95,18.99
16-03-2023,18.96,18.99
17-03-2023,18.98,19.01
18-03-2023,,
19-03-2023,,
20-03-2023,18.98,19.01
21-03-2023,18.99,19.03
22-03-2023,19.00,19.04
23-03-2023,19.02,19.05
24-03-2023,19.02,19.06
25-03-2023,,
26-03-2023,,
27-03-2023,19.04,19.07
28-03-2023,19.07,19.10
29-03-2023,19.08,19.12
30-03-2023,19.11,19.14
31-03-2023,19.15,19.18
01-04-2023,,
02-04-2023,,
03-04-2023,19.15,19.19
04-04-2023,19.18,19.21
05-04-2023,19.20,19.23
06-04-2023,19.23,19.26
07-04-2023,19.24,19.27
08-04-2023,,
09-04-2023,,
10-04-2023,19.23,19.27
11-04-2023,19.24,19.27
12-04-2023,19.26,19.30
13-04-2023,19.29,19.32
14-04-2023,19.31,19.34
15-04-2023,,
16-04-2023,,
17-04-2023,19.34,19.37
18-04-2023,19.35,19.39
19-04-2023,19.38,19.41
20-04-2023,19.38,19.42
21-04-2023,,
22-04-2023,,
23-04-2023,,
24-04-2023,19.38,19.42
25-04-2023,19.39,19.42
26-04-2023,19.39,19.43
27-04-2023,19.40,19.44
28-04-2023,19.41,19.45
29-04-2023,,
30-04-2023,,
01-05-2023,,
02-05-2023,19.43,19.46
03-05-2023,19.44,19.48
04-05-2023,19.45,19.49
05-05-2023,19.46,19.50
06-05-2023,,
07-05-2023,,
08-05-2023,19.47,19.51
09-05-2023,19.48,19.52
10-05-2023,19.49,19.53
11-05-2023,19.51,19.55
12-05-2023,19.54,19.57
13-05-2023,,
14-05-2023,,
15-05-2023,19.56,19.60
16-05-2023,19.64,19.67
17-05-2023,19.68,19.72
18-05-2023,19.73,19.77
19-05-2023,,
20-05-2023,,
21-05-2023,,
22-05-2023,19.76,19.80
23-05-2023,19.80,19.84
24-05-2023,19.83,19.86
25-05-2023,19.86,19.90
26-05-2023,19.90,19.94
27-05-2023,,
28-05-2023,,
29-05-2023,19.95,19.99
30-05-2023,20.05,20.08
31-05-2023,20.31,20.35
01-06-2023,20.66,20.70
02-06-2023,20.75,20.79
03-06-2023,,
04-06-2023,,
05-06-2023,20.84,20.88
06-06-2023,21.15,21.18
07-06-2023,21.46,21.50
08-06-2023,23.02,23.06
09-06-2023,23.32,23.36
10-06-2023,,
11-06-2023,,
12-06-2023,23.43,23.47
13-06-2023,23.61,23.65
14-06-2023,23.64,23.68
15-06-2023,23.60,23.64
16-06-2023,23.64,23.68
17-06-2023,,
18-06-2023,,
19-06-2023,23.64,23.68
20-06-2023,23.64,23.68
21-06-2023,23.58,23.62
22-06-2023,23.55,23.59
23-06-2023,23.62,23.67
24-06-2023,,
25-06-2023,,
26-06-2023,25.25,25.30
27-06-2023,25.82,25.87
28-06-2023,,
29-06-2023,,
30-06-2023,,
01-07-2023,,
02-07-2023,,
03-07-2023,25.82,25.87
04-07-2023,26.03,26.08
05-07-2023,26.00,26.05
06-07-2023,26.05,26.09
07-07-2023,26.05,26.09
08-07-2023,,
09-07-2023,,
10-07-2023,26.04,26.09
11-07-2023,26.06,26.10
12-07-2023,26.07,26.12
13-07-2023,26.11,26.16
14-07-2023,26.12,26.17
15-07-2023,,
16-07-2023,,
17-07-2023,26.14,26.19
18-07-2023,26.24,26.29
19-07-2023,26.82,26.87
20-07-2023,26.90,26.94
21-07-2023,26.89,26.94
22-07-2023,,
23-07-2023,,
24-07-2023,26.89,26.94
25-07-2023,26.92,26.97
26-07-2023,26.93,26.97
27-07-2023,26.93,26.98
28-07-2023,26.93,26.98
29-07-2023,,
30-07-2023,,
31-07-2023,26.94,26.99
01-08-2023,26.93,26.98
02-08-2023,26.93,26.98
03-08-2023,26.94,26.99
04-08-2023,26.95,27.00
05-08-2023,,
06-08-2023,,
07-08-2023,26.95,27.00
08-08-2023,26.97,27.01
09-08-2023,26.98,27.03
10-08-2023,26.99,27.04
11-08-2023,27.00,27.05
12-08-2023,,
13-08-2023,,
14-08-2023,27.01,27.05
15-08-2023,27.02,27.07
16-08-2023,27.02,27.07
17-08-2023,27.03,27.07
18-08-2023,27.07,27.12
19-08-2023,,
20-08-2023,,
21-08-2023,27.06,27.11
22-08-2023,27.13,27.18
23-08-2023,27.17,27.22
24-08-2023,27.17,27.22
25-08-2023,27.09,27.14
26-08-2023,,
27-08-2023,,
28-08-2023,26.41,26.45
29-08-2023,26.53,26.57
30-08-2023,,
31-08-2023,26.58,26.62
01-09-2023,26.67,26.71
02-09-2023,,
03-09-2023,,
04-09-2023,26.68,26.73
05-09-2023,26.74,26.78
06-09-2023,26.76,26.81
07-09-2023,26.77,26.82
08-09-2023,26.80,26.85
09-09-2023,,
10-09-2023,,
11-09-2023,26.81,26.86
12-09-2023,26.84,26.89
13-09-2023,26.86,26.91
14-09-2023,26.90,26.95
15-09-2023,26.91,26.96
16-09-2023,,
17-09-2023,,
18-09-2023,26.93,26.98
19-09-2023,26.98,27.03
20-09-2023,26.99,27.04
21-09-2023,26.99,27.04
22-09-2023,27.00,27.05
23-09-2023,,
24-09-2023,,
25-09-2023,27.10,27.15
26-09-2023,27.18,27.22
27-09-2023,27.21,27.26
28-09-2023,27.26,27.31
29-09-2023,27.38,27.42
30-09-2023,,
01-10-2023,,
02-10-2023,27.38,27.43
03-10-2023,27.40,27.45
04-10-2023,27.45,27.50
05-10-2023,27.53,27.58
06-10-2023,27.53,27.58
07-10-2023,,
08-10-2023,,
09-10-2023,27.56,27.61
10-10-2023,27.66,27.71
11-10-2023,27.68,27.73
12-10-2023,27.69,27.74
13-10-2023,27.71,27.76
14-10-2023,,
15-10-2023,,
16-10-2023,27.74,27.79
17-10-2023,27.84,27.89
18-10-2023,27.87,27.92
19-10-2023,27.97,28.02
20-10-2023,27.96,28.02
21-10-2023,,
22-10-2023,,
23-10-2023,27.97,28.02
24-10-2023,28.01,28.06
25-10-2023,28.05,28.10
26-10-2023,28.08,28.13
27-10-2023,28.10,28.15
28-10-2023,,
29-10-2023,,
30-10-2023,28.13,28.18
31-10-2023,28.20,28.26
01-11-2023,28.24,28.29
02-11-2023,28.28,28.33
03-11-2023,28.31,28.36
04-11-2023,,
05-11-2023,,
06-11-2023,28.35,28.40
07-11-2023,28.39,28.44
08-11-2023,28.44,28.49
09-11-2023,28.48,28.53
10-11-2023,28.48,28.53
11-11-2023,,
12-11-2023,,
13-11-2023,28.49,28.54
14-11-2023,28.54,28.59
15-11-2023,28.58,28.63
16-11-2023,28.62,28.67
17-11-2023,28.65,28.70
18-11-2023,,
19-11-2023,,
20-11-2023,28.66,28.71
21-11-2023,28.71,28.76
22-11-2023,28.75,28.80
23-11-2023,28.76,28.81
24-11-2023,28.78,28.83
25-11-2023,,
26-11-2023,,
27-11-2023,28.81,28.86
28-11-2023,28.86,28.91
29-11-2023,28.88,28.93
30-11-2023,28.86,28.91
01-12-2023,28.82,28.87
02-12-2023,,
03-12-2023,,
04-12-2023,28.86,28.91
05-12-2023,28.85,28.90
06-12-2023,28.87,28.92
07-12-2023,28.88,28.93
08-12-2023,28.87,28.93
09-12-2023,,
10-12-2023,,
11-12-2023,28.90,28.95
12-12-2023,28.94,28.99
13-12-2023,28.98,29.03
14-12-2023,29.01,29.06
15-12-2023,28.98,29.03
16-12-2023,,
17-12-2023,,
18-12-2023,28.98,29.04
19-12-2023,29.01,29.06
20-12-2023,29.03,29.08
21-12-2023,29.07,29.12
22-12-2023,29.09,29.14
23-12-2023,,
24-12-2023,,
25-12-2023,29.13,29.19
26-12-2023,29.21,29.26
27-12-2023,29.26,29.32
28-12-2023,29.34,29.39
29-12-2023,29.40,29.45
30-12-2023,,
31-12-2023,,
01-01-2024,,
02-01-2024,29.44,29.49
03-01-2024,29.67,29.72
04-01-2024,29.74,29.79
05-01-2024,29.75,29.80
06-01-2024,,
07-01-2024,,
08-01-2024,29.77,29.83
09-01-2024,29.83,29.89
10-01-2024,29.88,29.94
11-01-2024,29.91,29.97
12-01-2024,29.96,30.01
13-01-2024,,
14-01-2024,,
15-01-2024,30.02,30.07
16-01-2024,30.04,30.10
17-01-2024,30.05,30.10
18-01-2024,30.07,30.13
19-01-2024,30.08,30.14
20-01-2024,,
21-01-2024,,
22-01-2024,30.12,30.18
23-01-2024,30.18,30.24
24-01-2024,30.22,30.27
25-01-2024,30.21,30.27
26-01-2024,30.22,30.27
27-01-2024,,
28-01-2024,,
29-01-2024,30.23,30.29
30-01-2024,30.28,30.34
31-01-2024,30.31,30.36
01-02-2024,30.30,30.35
02-02-2024,30.31,30.36
03-02-2024,,
04-02-2024,,
05-02-2024,30.37,30.43
06-02-2024,30.48,30.53
07-02-2024,30.51,30.56
08-02-2024,30.53,30.59
09-02-2024,30.54,30.59
10-02-2024,,
11-02-2024,,
12-02-2024,30.60,30.66
13-02-2024,30.63,30.69
14-02-2024,30.67,30.72
15-02-2024,30.68,30.74
16-02-2024,30.70,30.75
17-02-2024,,
18-02-2024,,
19-02-2024,30.72,30.78
20-02-2024,30.80,30.86
21-02-2024,30.84,30.89
22-02-2024,30.91,30.97
23-02-2024,30.96,31.01
24-02-2024,,
25-02-2024,,
26-02-2024,31.00,31.06
27-02-2024,31.04,31.10
28-02-2024,31.07,31.13
29-02-2024,31.12,31.18
01-03-2024,31.16,31.22
02-03-2024,,
03-03-2024,,
04-03-2024,31.24,31.30
05-03-2024,31.41,31.46
06-03-2024,31.55,31.60
07-03-2024,31.66,31.72
08-03-2024,31.78,31.83
09-03-2024,,
10-03-2024,,
11-03-2024,31.86,31.92
12-03-2024,31.94,32.00
13-03-2024,31.99,32.04
14-03-2024,32.04,32.10
15-03-2024,32.06,32.12
16-03-2024,,
17-03-2024,,
18-03-2024,32.12,32.18
19-03-2024,32.24,32.30
20-03-2024,32.28,32.34
21-03-2024,32.33,32.39
22-03-2024,32.31,32.37
23-03-2024,,
24-03-2024,,
25-03-2024,31.97,32.03
26-03-2024,32.06,32.12
27-03-2024,32.10,32.16
28-03-2024,32.17,32.22
29-03-2024,32.26,32.32
30-03-2024,,
31-03-2024,,
01-04-2024,32.29,32.34
02-04-2024,32.36,32.42
03-04-2024,32.13,32.19
04-04-2024,31.94,32.00
05-04-2024,31.84,31.90
06-04-2024,,
07-04-2024,,
08-04-2024,31.92,31.98
09-04-2024,32.01,32.06
10-04-2024,,
11-04-2024,,
12-04-2024,,
13-04-2024,,
14-04-2024,,
15-04-2024,32.01,32.06
16-04-2024,32.33,32.39
17-04-2024,32.40,32.46
18-04-2024,32.46,32.52
19-04-2024,32.46,32.51
20-04-2024,,
21-04-2024,,
22-04-2024,32.51,32.57
23-04-2024,,
24-04-2024,32.50,32.56
25-04-2024,32.47,32.53
26-04-2024,32.47,32.53
27-04-2024,,
28-04-2024,,
29-04-2024,32.45,32.51
30-04-2024,32.34,32.40
01-05-2024,,
02-05-2024,32.31,32.37
03-05-2024,32.32,32.38
04-05-2024,,
05-05-2024,,
06-05-2024,32.25,32.31
07-05-2024,32.22,32.28
08-05-2024,32.21,32.27
09-05-2024,32.21,32.27
10-05-2024,32.18,32.24
11-05-2024,,
12-05-2024,,
13-05-2024,32.15,32.21
14-05-2024,32.15,32.21
15-05-2024,32.19,32.25
16-05-2024,32.23,32.29
17-05-2024,32.16,32.22
18-05-2024,,
19-05-2024,,
20-05-2024,32.19,32.25
21-05-2024,32.16,32.21
22-05-2024,32.16,32.21
23-05-2024,32.12,32.18
24-05-2024,32.14,32.20
25-05-2024,,
26-05-2024,,
27-05-2024,32.15,32.20
28-05-2024,32.13,32.19
29-05-2024,32.12,32.18
30-05-2024,32.19,32.25
31-05-2024,32.25,32.31
01-06-2024,,
02-06-2024,,
03-06-2024,32.13,32.19
04-06-2024,32.15,32.21
05-06-2024,32.27,32.33
06-06-2024,32.45,32.51
07-06-2024,32.18,32.24
08-06-2024,,
09-06-2024,,
10-06-2024,32.19,32.25
11-06-2024,32.37,32.43
12-06-2024,32.31,32.37
13-06-2024,32.31,32.37
14-06-2024,32.23,32.29
15-06-2024,,
16-06-2024,,
17-06-2024,,
18-06-2024,,
19-06-2024,,
20-06-2024,32.46,32.52
21-06-2024,32.57,32.63
22-06-2024,,
23-06-2024,,
24-06-2024,32.78,32.84
25-06-2024,32.81,32.87
26-06-2024,32.90,32.96
27-06-2024,32.90,32.96
28-06-2024,32.84,32.90
29-06-2024,,
30-06-2024,,
01-07-2024,32.83,32.89
02-07-2024,32.62,32.68
03-07-2024,32.63,32.69
04-07-2024,32.49,32.55
05-07-2024,32.50,32.56
06-07-2024,,
07-07-2024,,
08-07-2024,32.63,32.69
09-07-2024,32.64,32.70
10-07-2024,32.74,32.80
11-07-2024,32.88,32.94
12-07-2024,32.85,32.91
13-07-2024,,
14-07-2024,,
15-07-2024,,
16-07-2024,32.91,32.97
17-07-2024,33.02,33.08
18-07-2024,33.04,33.10
19-07-2024,33.04,33.10
20-07-2024,,
21-07-2024,,
22-07-2024,33.00,33.06
23-07-2024,32.94,33.00
24-07-2024,32.88,32.94
25-07-2024,32.81,32.87
26-07-2024,32.98,33.04
27-07-2024,,
28-07-2024,,
29-07-2024,32.96,33.02
30-07-2024,32.95,33.01
31-07-2024,33.03,33.09
01-08-2024,33.08,33.14
02-08-2024,33.08,33.14
03-08-2024,,
04-08-2024,,
05-08-2024,33.08,33.14
06-08-2024,33.26,33.32
07-08-2024,33.40,33.46
08-08-2024,33.50,33.56
09-08-2024,33.45,33.51
10-08-2024,,
11-08-2024,,
12-08-2024,33.46,33.52
13-08-2024,33.48,33.54
14-08-2024,33.49,33.55
15-08-2024,33.48,33.54
16-08-2024,33.57,33.64
17-08-2024,,
18-08-2024,,
19-08-2024,33.61,33.67
20-08-2024,33.65,33.71
21-08-2024,33.75,33.81
22-08-2024,33.85,33.91
23-08-2024,33.85,33.91
24-08-2024,,
25-08-2024,,
26-08-2024,33.89,33.95
27-08-2024,33.93,33.99
28-08-2024,33.96,34.02
29-08-2024,33.96,34.02
30-08-2024,,
31-08-2024,,
01-09-2024,,
02-09-2024,33.92,33.98
03-09-2024,33.92,33.98
04-09-2024,33.89,33.95
05-09-2024,33.97,34.03
06-09-2024,33.91,33.97
07-09-2024,,
08-09-2024,,
09-09-2024,33.89,33.95
10-09-2024,33.97,34.03
11-09-2024,33.99,34.05
12-09-2024,33.94,34.00
13-09-2024,33.90,33.96
14-09-2024,,
15-09-2024,,
16-09-2024,33.82,33.88
17-09-2024,33.89,33.95
18-09-2024,33.97,34.03
19-09-2024,34.03,34.09
20-09-2024,33.98,34.04
21-09-2024,,
22-09-2024,,
23-09-2024,33.95,34.01
24-09-2024,34.06,34.12
25-09-2024,34.08,34.14
26-09-2024,34.09,34.15
27-09-2024,34.10,34.16
28-09-2024,,
29-09-2024,,
30-09-2024,34.09,34.15
01-10-2024,34.12,34.18
02-10-2024,34.12,34.19
03-10-2024,34.15,34.22
04-10-2024,34.11,34.17
05-10-2024,,
06-10-2024,,
07-10-2024,34.14,34.20
08-10-2024,34.19,34.25
09-10-2024,34.21,34.27
10-10-2024,34.20,34.26
11-10-2024,34.15,34.21
12-10-2024,,
13-10-2024,,
14-10-2024,34.16,34.22
15-10-2024,34.20,34.27
16-10-2024,34.20,34.26
17-10-2024,34.16,34.22
18-10-2024,34.12,34.18
19-10-2024,,
20-10-2024,,
21-10-2024,34.18,34.24
22-10-2024,34.18,34.24
23-10-2024,34.18,34.24
24-10-2024,34.20,34.26
25-10-2024,34.19,34.25
26-10-2024,,
27-10-2024,,
28-10-2024,34.19,34.25
29-10-2024,,
30-10-2024,34.19,34.25
